{"loss": 0.34161654114723206, "accuracy": 0.8741999864578247}