{"loss": 0.32798975706100464, "accuracy": 0.8797000050544739}