{"loss": 0.3201903700828552, "accuracy": 0.8823000192642212}