{"loss": 0.3365941047668457, "accuracy": 0.8722000122070312}