epoch,loss,accuracy
1,0.5529650449752808,0.8047666549682617
2,0.3684224486351013,0.8704166412353516
