epoch,loss,accuracy
1,0.6419156193733215,0.7741166949272156
2,0.42825642228126526,0.8514999747276306
