epoch,loss,accuracy
1,0.5131819248199463,0.8201333284378052
2,0.36569371819496155,0.8646666407585144
