epoch,loss,accuracy
1,0.5987852811813354,0.7936333417892456
2,0.38916707038879395,0.8636000156402588
