step	accuracy
0	0.8047666549682617
1	0.8704166412353516
