step	accuracy
0	0.7741166949272156
1	0.8514999747276306
