step	accuracy
0	0.8201333284378052
1	0.8646666407585144
