step	accuracy
0	0.7936333417892456
1	0.8636000156402588
